Workbook

Sheet students_master
A1: student_key | B1: lrn | C1: last_name | D1: first_name | E1: middle_name
A2: 202600000001 - Reyes, Miguel | B2: 202600000001 | C2: Reyes | D2: Miguel | E2: Santos
A3: 202600000002 - Dela Cruz, Aira | B3: 202600000002 | C3: Dela Cruz | D3: Aira | E3: Lopez
A4: 202600000003 - Garcia, John Paul | B4: 202600000003 | C4: Garcia | D4: John Paul | E4: Manalo

Sheet dues
A1: student_key | B1: lrn | C1: last_name | D1: first_name | E1: middle_name | F1: school_year | G1: due_1_date | H1: due_1_amount | I1: due_1_description | J1: due_2_date | K1: due_2_amount | L1: due_2_description | M1: due_3_date | N1: due_3_amount | O1: due_3_description | P1: due_4_date | Q1: due_4_amount | R1: due_4_description
A2: 202600000001 - Reyes, Miguel | B2: =IFERROR(VLOOKUP($A2,students_master!$A:$E,2,FALSE),"") -> 202600000001 | C2: =IFERROR(VLOOKUP($A2,students_master!$A:$E,3,FALSE),"") -> Reyes | D2: =IFERROR(VLOOKUP($A2,students_master!$A:$E,4,FALSE),"") -> Miguel | E2: =IFERROR(VLOOKUP($A2,students_master!$A:$E,5,FALSE),"") -> Santos | F2: 2025-2026 | G2: 2026-06-15 | H2: 3000 | I2: June installment | J2: 2026-07-15 | K2: 3000 | L2: July installment | M2: 2026-08-15 | N2: 3000 | O2: August installment | P2: 2026-09-15 | Q2: 3000 | R2: September installment
A3: 202600000002 - Dela Cruz, Aira | B3: =IFERROR(VLOOKUP($A3,students_master!$A:$E,2,FALSE),"") -> 202600000002 | C3: =IFERROR(VLOOKUP($A3,students_master!$A:$E,3,FALSE),"") -> Dela Cruz | D3: =IFERROR(VLOOKUP($A3,students_master!$A:$E,4,FALSE),"") -> Aira | E3: =IFERROR(VLOOKUP($A3,students_master!$A:$E,5,FALSE),"") -> Lopez | F3: 2025-2026 | G3: 2026-06-20 | H3: 5000 | I3: Quarter 1 due | J3: 2026-08-20 | K3: 5000 | L3: Quarter 2 due
B4: =IFERROR(VLOOKUP($A4,students_master!$A:$E,2,FALSE),"") | C4: =IFERROR(VLOOKUP($A4,students_master!$A:$E,3,FALSE),"") | D4: =IFERROR(VLOOKUP($A4,students_master!$A:$E,4,FALSE),"") | E4: =IFERROR(VLOOKUP($A4,students_master!$A:$E,5,FALSE),"")
B5: =IFERROR(VLOOKUP($A5,students_master!$A:$E,2,FALSE),"") | C5: =IFERROR(VLOOKUP($A5,students_master!$A:$E,3,FALSE),"") | D5: =IFERROR(VLOOKUP($A5,students_master!$A:$E,4,FALSE),"") | E5: =IFERROR(VLOOKUP($A5,students_master!$A:$E,5,FALSE),"")
B6: =IFERROR(VLOOKUP($A6,students_master!$A:$E,2,FALSE),"") | C6: =IFERROR(VLOOKUP($A6,students_master!$A:$E,3,FALSE),"") | D6: =IFERROR(VLOOKUP($A6,students_master!$A:$E,4,FALSE),"") | E6: =IFERROR(VLOOKUP($A6,students_master!$A:$E,5,FALSE),"")
B7: =IFERROR(VLOOKUP($A7,students_master!$A:$E,2,FALSE),"") | C7: =IFERROR(VLOOKUP($A7,students_master!$A:$E,3,FALSE),"") | D7: =IFERROR(VLOOKUP($A7,students_master!$A:$E,4,FALSE),"") | E7: =IFERROR(VLOOKUP($A7,students_master!$A:$E,5,FALSE),"")
B8: =IFERROR(VLOOKUP($A8,students_master!$A:$E,2,FALSE),"") | C8: =IFERROR(VLOOKUP($A8,students_master!$A:$E,3,FALSE),"") | D8: =IFERROR(VLOOKUP($A8,students_master!$A:$E,4,FALSE),"") | E8: =IFERROR(VLOOKUP($A8,students_master!$A:$E,5,FALSE),"")
B9: =IFERROR(VLOOKUP($A9,students_master!$A:$E,2,FALSE),"") | C9: =IFERROR(VLOOKUP($A9,students_master!$A:$E,3,FALSE),"") | D9: =IFERROR(VLOOKUP($A9,students_master!$A:$E,4,FALSE),"") | E9: =IFERROR(VLOOKUP($A9,students_master!$A:$E,5,FALSE),"")
B10: =IFERROR(VLOOKUP($A10,students_master!$A:$E,2,FALSE),"") | C10: =IFERROR(VLOOKUP($A10,students_master!$A:$E,3,FALSE),"") | D10: =IFERROR(VLOOKUP($A10,students_master!$A:$E,4,FALSE),"") | E10: =IFERROR(VLOOKUP($A10,students_master!$A:$E,5,FALSE),"")
B11: =IFERROR(VLOOKUP($A11,students_master!$A:$E,2,FALSE),"") | C11: =IFERROR(VLOOKUP($A11,students_master!$A:$E,3,FALSE),"") | D11: =IFERROR(VLOOKUP($A11,students_master!$A:$E,4,FALSE),"") | E11: =IFERROR(VLOOKUP($A11,students_master!$A:$E,5,FALSE),"")
B12: =IFERROR(VLOOKUP($A12,students_master!$A:$E,2,FALSE),"") | C12: =IFERROR(VLOOKUP($A12,students_master!$A:$E,3,FALSE),"") | D12: =IFERROR(VLOOKUP($A12,students_master!$A:$E,4,FALSE),"") | E12: =IFERROR(VLOOKUP($A12,students_master!$A:$E,5,FALSE),"")
B13: =IFERROR(VLOOKUP($A13,students_master!$A:$E,2,FALSE),"") | C13: =IFERROR(VLOOKUP($A13,students_master!$A:$E,3,FALSE),"") | D13: =IFERROR(VLOOKUP($A13,students_master!$A:$E,4,FALSE),"") | E13: =IFERROR(VLOOKUP($A13,students_master!$A:$E,5,FALSE),"")
B14: =IFERROR(VLOOKUP($A14,students_master!$A:$E,2,FALSE),"") | C14: =IFERROR(VLOOKUP($A14,students_master!$A:$E,3,FALSE),"") | D14: =IFERROR(VLOOKUP($A14,students_master!$A:$E,4,FALSE),"") | E14: =IFERROR(VLOOKUP($A14,students_master!$A:$E,5,FALSE),"")
B15: =IFERROR(VLOOKUP($A15,students_master!$A:$E,2,FALSE),"") | C15: =IFERROR(VLOOKUP($A15,students_master!$A:$E,3,FALSE),"") | D15: =IFERROR(VLOOKUP($A15,students_master!$A:$E,4,FALSE),"") | E15: =IFERROR(VLOOKUP($A15,students_master!$A:$E,5,FALSE),"")
... B100: =IFERROR(VLOOKUP($A100,students_master!$A:$E,2,FALSE),"") | C100: =IFERROR(VLOOKUP($A100,students_master!$A:$E,3,FALSE),"") | D100: =IFERROR(VLOOKUP($A100,students_master!$A:$E,4,FALSE),"") | E100: =IFERROR(VLOOKUP($A100,students_master!$A:$E,5,FALSE),"")
